鶏の黒胡椒焼き,Familymart,0.0,http://www.family.co.jp/content/dam/family/goods/1110067.jpg,ファミデリカ,16.9
牛すじ串,Familymart,0.0,http://www.family.co.jp/content/dam/family/goods/0271103.jpg,おでん,5.6
あたりめ,Familymart,0.1,http://www.family.co.jp/content/dam/family/goods/5011032.jpg,お菓子,10.9
あたりめマヨネーズ付き,Familymart,0.2,http://www.family.co.jp/content/dam/family/goods/5011001.jpg,お菓子,30.1
ピリッと焼きするめ,Familymart,0.4,http://www.family.co.jp/content/dam/family/goods/5011063.jpg,お菓子,9.2
こだわり味付たまご,Familymart,0.5,http://www.family.co.jp/content/dam/family/goods/0271110.jpg,おでん,6.3
ブレンドS,Familymart,1,http://www.family.co.jp/content/dam/family/goods/0211116.jpg,コーヒー・フラッペ,0.5
アイスコーヒーS,Familymart,1.1,http://www.family.co.jp/content/dam/family/goods/0211178.jpg,コーヒー・フラッペ,0.5
焼きするめげそ,Familymart,1.3,http://www.family.co.jp/content/dam/family/goods/5011025.jpg,お菓子,10.1
国産厚切大根,Familymart,1.3,http://www.family.co.jp/content/dam/family/goods/0270953.jpg,おでん,0.4
ブレンドM,Familymart,1.4,http://www.family.co.jp/content/dam/family/goods/0211123.jpg,コーヒー・フラッペ,0.7
スパイシービーフジャーキー,Familymart,1.5,http://www.family.co.jp/content/dam/family/goods/5017836.jpg,お菓子,5
アイスコーヒーM,Familymart,1.5,http://www.family.co.jp/content/dam/family/goods/0211185.jpg,コーヒー・フラッペ,0.6
紅茶,Familymart,1.5,http://www.family.co.jp/content/dam/family/goods/0211048.jpg,コーヒー・フラッペ,0.6
焼ししゃも,Familymart,1.6,http://www.family.co.jp/content/dam/family/goods/5012817.jpg,お菓子,10.3
国産具材のがんも,Familymart,1.7,http://www.family.co.jp/content/dam/family/goods/2709500.jpg,おでん,5.6
昆布巻,Familymart,1.8,http://www.family.co.jp/content/dam/family/goods/111111.jpg,おでん,0.4
熟成あらびきウインナー,Familymart,1.8,http://www.family.co.jp/content/dam/family/goods/0271097.jpg,おでん,4.2
ブレンドL,Familymart,1.9,http://www.family.co.jp/content/dam/family/goods/0211130.jpg,コーヒー・フラッペ,0.9
つゆだくがんも(枝豆入り),Familymart,1.9,http://www.family.co.jp/content/dam/family/goods/0271073.jpg,おでん,6.4
国産こんにゃく,Familymart,2,http://www.family.co.jp/content/dam/family/goods/0270984.jpg,おでん,0.3
串玉こんにゃく,Familymart,2.3,http://www.family.co.jp/content/dam/family/goods/222222.jpg,おでん,0.3
つみれ,Familymart,2.6,http://www.family.co.jp/content/dam/family/goods/0271134.jpg,おでん,5
はんぺん,Familymart,2.8,http://www.family.co.jp/content/dam/family/goods/0271141.jpg,おでん,4.8
国産結び白滝,Familymart,2.9,http://www.family.co.jp/content/dam/family/goods/0270960.jpg,おでん,0.1
厚揚（絹）,Familymart,3.1,http://www.family.co.jp/content/dam/family/goods/0271011.jpg,おでん,6.6
ジャンボフランク,Familymart,3.3,http://www.family.co.jp/content/dam/family/goods/0254267.jpg,ホットスナック・揚げ物,11.3
にら玉揚げ,Familymart,3.4,http://www.family.co.jp/content/dam/family/goods/0271240.jpg,おでん,3.3
ひとくち手割りカリカリ梅,Familymart,3.7,http://www.family.co.jp/content/dam/family/goods/4724155.jpg,お菓子,0.5
あぶり焼きスルメソーメン,Familymart,4.7,http://www.family.co.jp/content/dam/family/goods/4823018.jpg,お菓子,11.8
カニカマつみれ,Familymart,4.8,http://www.family.co.jp/content/dam/family/goods/0271264.jpg,おでん,3.6
ごぼう巻（国産ごぼう使用）,Familymart,5.2,http://www.family.co.jp/content/dam/family/goods/0271059.jpg,おでん,4.1
ウインナー巻（あらびきウインナー使用）,Familymart,5.3,http://www.family.co.jp/content/dam/family/goods/0271042.jpg,おでん,5.3
炭火焼鶏つくね串（軟骨入り）,Familymart,5.4,http://www.family.co.jp/content/dam/family/goods/0271189.jpg,おでん,6.5
アイスカフェラテM,Familymart,5.4,http://www.family.co.jp/content/dam/family/goods/0211215.jpg,コーヒー・フラッペ,3.7
ソフトいか燻製,Familymart,5.5,http://www.family.co.jp/content/dam/family/goods/5011056.jpg,お菓子,6.8
桜チップで燻製したうずらたまご,Familymart,5.8,http://www.family.co.jp/content/dam/family/goods/5014781.jpg,お菓子,9
カフェラテM,Familymart,6,http://www.family.co.jp/content/dam/family/goods/0211154.jpg,コーヒー・フラッペ,3.6
マヌカスモーク香るビーフジャーキー,Familymart,6.3,http://www.family.co.jp/content/dam/family/goods/5011100.jpg,お菓子,17.4
焼鳥もも,Familymart,6.4,http://www.family.co.jp/content/dam/family/goods/0255622.jpg,ホットスナック・揚げ物,6.2
ニュージーランド牧草牛のビーフジャーキー,Familymart,6.4,http://www.family.co.jp/content/dam/family/goods/5011094.jpg,お菓子,17.5
煮物盛り合わせ,Familymart,6.5,http://www.family.co.jp/content/dam/family/goods/1160239.jpg,惣菜,163
たまごサラダ,Familymart,6.6,http://www.family.co.jp/content/dam/family/goods/1130058.jpg,ファミデリカ,3.9
コールスローサラダ,Familymart,6.8,http://www.family.co.jp/content/dam/family/goods/1220537.jpg,サラダ,1
チーズちくわ,Familymart,6.8,http://www.family.co.jp/content/dam/family/goods/5016327.jpg,お菓子,9.5
焼きちくわ（ぼたん）,Familymart,6.8,http://www.family.co.jp/content/dam/family/goods/0271066.jpg,おでん,5
だし巻玉子,Familymart,7,http://www.family.co.jp/content/dam/family/goods/0271035.jpg,おでん,5.3
いわし入つみれ汁,Familymart,7.1,http://www.family.co.jp/content/dam/family/goods/1020434.jpg,惣菜,11.6
きんぴらごぼう,Familymart,7.3,http://www.family.co.jp/content/dam/family/goods/1120011.jpg,ファミデリカ,1.2
彩り野菜のにぎり天,Familymart,7.3,http://www.family.co.jp/content/dam/family/goods/0271257.jpg,おでん,3.5
いか野菜さつま揚,Familymart,7.3,http://www.family.co.jp/content/dam/family/goods/0271080.jpg,おでん,5.6
おつまみカットよっちゃんしろ,Familymart,7.9,http://www.family.co.jp/content/dam/family/goods/4822073.jpg,お菓子,7.9
野菜コンソメスープ,Familymart,8.4,http://www.family.co.jp/content/dam/family/goods/1020403.jpg,惣菜,6.5
スライスサラミ,Familymart,8.5,http://www.family.co.jp/content/dam/family/goods/5017850.jpg,お菓子,20.4
ジャッキーカルパス,Familymart,8.7,http://www.family.co.jp/content/dam/family/goods/5010981.jpg,お菓子,13.1
シュウマイ巻,Familymart,8.8,http://www.family.co.jp/content/dam/family/goods/0271028.jpg,おでん,5.6
チーズ鱈,Familymart,8.9,http://www.family.co.jp/content/dam/family/goods/5010998.jpg,お菓子,12.5
ほっくりポテトサラダ,Familymart,9.2,http://www.family.co.jp/content/dam/family/goods/1130089.jpg,ファミデリカ,1.6
春雨スープ,Familymart,9.8,http://www.family.co.jp/content/dam/family/goods/1020496.jpg,惣菜,6.2
ハーブチキンのシーザーサラダ,Familymart,10,http://www.family.co.jp/content/dam/family/goods/1210460.jpg,サラダ,17.2
ローストビーフサラダ,Familymart,10.4,http://www.family.co.jp/content/dam/family/goods/1210484.jpg,サラダ,9.6
ごろっと具材の豚汁,Familymart,10.5,http://www.family.co.jp/content/dam/family/goods/1020427.jpg,惣菜,11.4
八宝菜,Familymart,10.6,http://www.family.co.jp/content/dam/family/goods/1160314.jpg,惣菜,6
やわらか種ぬき干し梅,Familymart,10.6,http://www.family.co.jp/content/dam/family/goods/4724148.jpg,お菓子,0.6
海老の唐揚げ,Familymart,10.6,http://www.family.co.jp/content/dam/family/goods/1110074.jpg,ファミデリカ,5.6
牛もつ鍋,Familymart,10.6,http://www.family.co.jp/content/dam/family/goods/1020557.jpg,惣菜,9.7
カシュー＆マカデミア,Familymart,11.2,http://www.family.co.jp/content/dam/family/goods/5020232.jpg,お菓子,5.7
２種のローストナッツ　カシューナッツ＆アーモンド,Familymart,11.5,http://www.family.co.jp/content/dam/family/goods/5020225.jpg,お菓子,7.9
イタリア産トマトのミネストローネ,Familymart,11.5,http://www.family.co.jp/content/dam/family/goods/1020489.jpg,惣菜,8.1
６種具材の春巻,Familymart,11.6,http://www.family.co.jp/content/dam/family/goods/0254571.jpg,ホットスナック・揚げ物,3.4
スパイシーチキン,Familymart,11.9,http://www.family.co.jp/content/dam/family/goods/0250153.jpg,ホットスナック・揚げ物,10.5
根菜とひじきのごまマヨサラダ,Familymart,11.9,http://www.family.co.jp/content/dam/family/goods/1220445.jpg,サラダ,1.6
四川風麻婆豆腐,Familymart,12.3,http://www.family.co.jp/content/dam/family/goods/1160123.jpg,惣菜,14.3
生姜かおる！豚しゃぶサラダ,Familymart,12.7,http://www.family.co.jp/content/dam/family/goods/1210408.jpg,サラダ,10.7
ちくわぶ,Familymart,12.8,http://www.family.co.jp/content/dam/family/goods/0271004.jpg,おでん,2.6
チーズつくね串,Familymart,12.8,http://www.family.co.jp/content/dam/family/goods/0254021.jpg,ホットスナック・揚げ物,14.3
ファミマプレミアムチキン,Familymart,12.9,http://www.family.co.jp/content/dam/family/goods/0253611.jpg,ホットスナック・揚げ物,21
餅入り巾着,Familymart,12.9,http://www.family.co.jp/content/dam/family/goods/0270908.jpg,おでん,4.7
ファミチキ,Familymart,14.2,http://www.family.co.jp/content/dam/family/goods/0253116.jpg,ホットスナック・揚げ物,12.2
鶏つくね串タレ(軟骨入り),Familymart,14.6,http://www.family.co.jp/content/dam/family/goods/0254014.jpg,ホットスナック・揚げ物,12.6
ダックワーズ　オレンジとラムが香るホワイトチョコ,Familymart,14.9,http://www.family.co.jp/content/dam/family/goods/1341072.jpg,焼き菓子,2.5
油淋鶏,Familymart,15.7,http://www.family.co.jp/content/dam/family/goods/1160307.jpg,惣菜,19.4
おいしいバターピー,Familymart,15.7,http://www.family.co.jp/content/dam/family/goods/5023097.jpg,お菓子,18.6
ハッシュドポテト,Familymart,15.8,http://www.family.co.jp/content/dam/family/goods/0250429.jpg,ホットスナック・揚げ物,1.9
ファミチキ（チーズ味）,Familymart,16.2,http://www.family.co.jp/content/dam/family/goods/0252966.jpg,ホットスナック・揚げ物,16.7
ピリッと焼かまぼこ,Familymart,16.7,http://www.family.co.jp/content/dam/family/goods/4822998.jpg,お菓子,6
ごまだれ春雨サラダ,Familymart,16.9,http://www.family.co.jp/content/dam/family/goods/1220506.jpg,サラダ,4.7
フィナンシェ,Familymart,17.3,http://www.family.co.jp/content/dam/family/goods/1320909.jpg,焼き菓子,2.7
味付落花生,Familymart,17.9,http://www.family.co.jp/content/dam/family/goods/5023073.jpg,お菓子,18.8
シウマイ＆唐揚げ,Familymart,18.2,http://www.family.co.jp/content/dam/family/goods/1160284.jpg,惣菜,19.6
ココア,Familymart,18.4,http://www.family.co.jp/content/dam/family/goods/0211062.jpg,コーヒー・フラッペ,4.3
ミルクティー,Familymart,18.6,http://www.family.co.jp/content/dam/family/goods/0210898.jpg,コーヒー・フラッペ,3.5
和風ハンバーグ,Familymart,18.9,http://www.family.co.jp/content/dam/family/goods/1161038.jpg,惣菜,14.3
ファミマのからあげ（しょうゆ味）,Familymart,18.9,http://www.family.co.jp/content/dam/family/goods/0253536.jpg,ホットスナック・揚げ物,23.9
ジューシーファミメンチ,Familymart,19.6,http://www.family.co.jp/content/dam/family/goods/0254526.jpg,ホットスナック・揚げ物,10.4
フリルレタスのハムとツナのサンド,Familymart,19.9,http://www.family.co.jp/content/dam/family/goods/0911467.jpg,サンドイッチ,8.3
フロランタン,Familymart,20.3,http://www.family.co.jp/content/dam/family/goods/1328141.jpg,焼き菓子,3.4
抹茶ラテ,Familymart,20.9,http://www.family.co.jp/content/dam/family/goods/0211055.jpg,コーヒー・フラッペ,2.4
マドレーヌ,Familymart,21,http://www.family.co.jp/content/dam/family/goods/1320190.jpg,焼き菓子,3.4
４種のチーズまん,Familymart,21.1,http://www.family.co.jp/content/dam/family/goods/0246286.jpg,中華まん,6.9
マンゴー,Familymart,21.3,http://www.family.co.jp/content/dam/family/goods/4724223.jpg,お菓子,0.5
ワッフルバター,Familymart,21.9,http://www.family.co.jp/content/dam/family/goods/1322101.jpg,焼き菓子,2.8
ソフトさきいか,Familymart,22.4,http://www.family.co.jp/content/dam/family/goods/5011018.jpg,お菓子,30.7
ミニポテチーズ,Familymart,23.4,http://www.family.co.jp/content/dam/family/goods/0250276.jpg,ホットスナック・揚げ物,2.8
ファミコロ（牛肉コロッケ）,Familymart,23.5,http://www.family.co.jp/content/dam/family/goods/0250788.jpg,ホットスナック・揚げ物,5
フロマージュまん（チーズケーキ風味）,Familymart,23.8,http://www.family.co.jp/content/dam/family/goods/0246347.jpg,中華まん,5.2
ＲＩＺＡＰふんわり食感チョコチップケーキ,Familymart,24.4,http://www.family.co.jp/content/dam/family/goods/1322767.jpg,焼き菓子,7.2
鶏と蓮根のつくね入り和風スープ,Familymart,24.4,http://www.family.co.jp/content/dam/family/goods/1020076.jpg,惣菜,14.3
ココナッツオイルでつくったバナナチップス,Familymart,24.5,http://www.family.co.jp/content/dam/family/goods/4724261.jpg,お菓子,0.7
かりっと軽いハムカツ風ソースカツ,Familymart,25.1,http://www.family.co.jp/content/dam/family/goods/4823117.jpg,お菓子,5
ミルクドーナツ,Familymart,25.2,http://www.family.co.jp/content/dam/family/goods/1326246.jpg,焼き菓子,2.5
いももち（ピザ味）,Familymart,25.4,http://www.family.co.jp/content/dam/family/goods/0255325.jpg,ホットスナック・揚げ物,2
ナッツとベリーのホワイトチョコバウム,Familymart,25.8,http://www.family.co.jp/content/dam/family/goods/1341058.jpg,焼き菓子,4.1
小豆最中,Familymart,25.8,http://www.family.co.jp/content/dam/family/goods/1310818.jpg,和菓子,1.7
ミルフィーユ　ショコラオレンジ,Familymart,26.4,http://www.family.co.jp/content/dam/family/goods/1341065.jpg,焼き菓子,2.6
バターバウムクーヘン,Familymart,26.4,http://www.family.co.jp/content/dam/family/goods/1325010.jpg,焼き菓子,4.5
とろーりたまごとトマトのサンド,Familymart,27,http://www.family.co.jp/content/dam/family/goods/0911474.jpg,サンドイッチ,7.8
ディップ焼チュロス（アーモンドチョコソース）,Familymart,27,http://www.family.co.jp/content/dam/family/goods/1340013.jpg,焼き菓子,5
大学芋,Familymart,27.2,http://www.family.co.jp/content/dam/family/goods/1120066.jpg,ファミデリカ,0.8
コマさんまん（醤油肉まん）,Familymart,27.3,http://www.family.co.jp/content/dam/family/goods/0246323.jpg,中華まん,5.7
フユニャンまん（和風肉まん）,Familymart,27.5,http://www.family.co.jp/content/dam/family/goods/0246293.jpg,中華まん,5.8
全粒粉入り蜜がけラスク,Familymart,27.6,http://www.family.co.jp/content/dam/family/goods/4821915.jpg,お菓子,3
いちご,Familymart,27.7,http://www.family.co.jp/content/dam/family/goods/4724186.jpg,お菓子,0.2
もちっとした皮の水餃子鍋,Familymart,27.9,http://www.family.co.jp/content/dam/family/goods/1020458.jpg,惣菜,9.1
具たっぷり肉まん,Familymart,28,http://www.family.co.jp/content/dam/family/goods/0246095.jpg,中華まん,8.9
コマじろうまん（カレーまん）,Familymart,28.6,http://www.family.co.jp/content/dam/family/goods/0246361.jpg,中華まん,6
本格肉まん,Familymart,28.8,http://www.family.co.jp/content/dam/family/goods/0246170.jpg,中華まん,7.8
サクッと香ばしい小さなチョコの木,Familymart,29.2,http://www.family.co.jp/content/dam/family/goods/4820840.jpg,お菓子,3.8
えんどう豆１００％スナック,Familymart,29.4,http://www.family.co.jp/content/dam/family/goods/4824046.jpg,お菓子,11.7
海老カレーまん,Familymart,29.6,http://www.family.co.jp/content/dam/family/goods/0246385.jpg,中華まん,6
チーズたっぷりピザまん,Familymart,29.6,http://www.family.co.jp/content/dam/family/goods/0246101.jpg,中華まん,8.9
ちょっと堅めのカラムーチョホットチリ味,Familymart,29.7,http://www.family.co.jp/content/dam/family/goods/4824237.jpg,お菓子,3.5
フルーツパウンド,Familymart,29.7,http://www.family.co.jp/content/dam/family/goods/1322262.jpg,焼き菓子,4.1
とろーりチーズグラタン,Familymart,30.2,http://www.family.co.jp/content/dam/family/goods/1031119.jpg,惣菜,13.1
チーズカレーまん,Familymart,30.2,http://www.family.co.jp/content/dam/family/goods/0246279.jpg,中華まん,7
ビーフカレーまん,Familymart,30.5,http://www.family.co.jp/content/dam/family/goods/0246330.jpg,中華まん,6.6
おもいっきり餅太郎,Familymart,30.7,http://www.family.co.jp/content/dam/family/goods/4822080.jpg,お菓子,4
ポテトチップス濃いめのり塩,Familymart,30.8,http://www.family.co.jp/content/dam/family/goods/4824114.jpg,お菓子,2.7
リンゴ,Familymart,30.8,http://www.family.co.jp/content/dam/family/goods/4724308.jpg,お菓子,0
レーズンバターサンド,Familymart,31,http://www.family.co.jp/content/dam/family/goods/1340044.jpg,焼き菓子,3
まるごとドライオレンジ,Familymart,31,http://www.family.co.jp/content/dam/family/goods/4724391.jpg,お菓子,0.3
じっくり揚げたポテトチップスレモンソルト味,Familymart,31,http://www.family.co.jp/content/dam/family/goods/4824329.jpg,お菓子,3
炙り焼きチャーシューマヨまん,Familymart,31.2,http://www.family.co.jp/content/dam/family/goods/0246392.jpg,中華まん,7.9
生チョコまん（キャラメルソース入り）,Familymart,31.6,http://www.family.co.jp/content/dam/family/goods/0246378.jpg,中華まん,4.4
ピックアップサクッと食感チーズ味,Familymart,32,http://www.family.co.jp/content/dam/family/goods/4824121.jpg,お菓子,1.7
ピックアップ　サクッと食感コンソメ味,Familymart,32.1,http://www.family.co.jp/content/dam/family/goods/4824138.jpg,お菓子,1.3
ハニーバターブレッド,Familymart,32.4,http://www.family.co.jp/content/dam/family/goods/1322309.jpg,焼き菓子,4.2
抹茶フラッペ,Familymart,32.4,http://www.family.co.jp/content/dam/family/goods/0211031.jpg,コーヒー・フラッペ,3.1
さくさくぱんだミルクチョコビスケット,Familymart,32.5,http://www.family.co.jp/content/dam/family/goods/4821045.jpg,お菓子,4.2
プレミアムバウム,Familymart,32.5,http://www.family.co.jp/content/dam/family/goods/1324761.jpg,焼き菓子,4.6
イカフライ,Familymart,32.5,http://www.family.co.jp/content/dam/family/goods/4823049.jpg,お菓子,7.4
チョコ＆マカダミアナッツクッキー,Familymart,32.7,http://www.family.co.jp/content/dam/family/goods/1327120.jpg,焼き菓子,3
ふわとろ玉子のビーフデミオムライスおむすび,Familymart,32.9,http://www.family.co.jp/content/dam/family/goods/0411134.jpg,おむすび,6.8
フルーツタルト,Familymart,32.9,http://www.family.co.jp/content/dam/family/goods/1341010.jpg,焼き菓子,3
ＲＩＺＡＰチョコチップスコーン,Familymart,33.1,http://www.family.co.jp/content/dam/family/goods/1322774.jpg,焼き菓子,12
ファミマプレミアム　炙り牛焼肉バーガー,Familymart,33.3,http://www.family.co.jp/content/dam/family/goods/0920544.jpg,バーガー,15.2
１０種のおつまみミックス,Familymart,33.3,http://www.family.co.jp/content/dam/family/goods/4823001.jpg,お菓子,4.9
きんつば,Familymart,33.4,http://www.family.co.jp/content/dam/family/goods/1314625.jpg,和菓子,3.2
牛カルビまん,Familymart,33.5,http://www.family.co.jp/content/dam/family/goods/0246248.jpg,中華まん,6.8
ぷりぷり海老の中華風春雨サラダ,Familymart,33.8,http://www.family.co.jp/content/dam/family/goods/1221053.jpg,サラダ,3.9
ショコラタルト,Familymart,33.9,http://www.family.co.jp/content/dam/family/goods/1341003.jpg,焼き菓子,4.1
３種ベリーのクランブルタルト,Familymart,34,http://www.family.co.jp/content/dam/family/goods/1340068.jpg,焼き菓子,4
バナナブレッド,Familymart,34,http://www.family.co.jp/content/dam/family/goods/1328318.jpg,焼き菓子,4.1
もっちりパンケーキ,Familymart,34.5,http://www.family.co.jp/content/dam/family/goods/1322729.jpg,焼き菓子,3.8
サクサクとろけるしみチョココーン,Familymart,34.6,http://www.family.co.jp/content/dam/family/goods/4821021.jpg,お菓子,2.9
手巻寿司　サラダ巻,Familymart,34.9,http://www.family.co.jp/content/dam/family/goods/0510103.jpg,寿司,5.3
海老マヨパスタサラダ,Familymart,35.3,http://www.family.co.jp/content/dam/family/goods/1220513.jpg,サラダ,11.8
ファミマプレミアムサンド　石窯バゲットサンド（ハム＆チーズ）,Familymart,35.5,http://www.family.co.jp/content/dam/family/goods/0920018.jpg,サンドイッチ,11.6
手巻寿司　牛すき,Familymart,35.8,http://www.family.co.jp/content/dam/family/goods/0510035.jpg,寿司,4.3
梅と梅しそおむすび,Familymart,35.8,http://www.family.co.jp/content/dam/family/goods/0411325.jpg,おむすび,3
ファミマプレミアムサンド　石窯バゲットサンド（たまご）,Familymart,36.1,http://www.family.co.jp/content/dam/family/goods/0920117.jpg,サンドイッチ,12
海鮮肉まん,Familymart,36.2,http://www.family.co.jp/content/dam/family/goods/0246316.jpg,中華まん,7.9
コアラニャンまん（つぶあんまん）,Familymart,36.4,http://www.family.co.jp/content/dam/family/goods/0246309.jpg,中華まん,5.2
ふんわりさっくりチョコスティック,Familymart,37.3,http://www.family.co.jp/content/dam/family/goods/4820857.jpg,お菓子,5.6
ナッツ＆フルーツ,Familymart,37.4,http://www.family.co.jp/content/dam/family/goods/4724247.jpg,お菓子,3.3
スナック棒めんたい味,Familymart,37.5,http://www.family.co.jp/content/dam/family/goods/4824084.jpg,お菓子,5.7
小さいがちょうどいい！海老ラーメン,Familymart,38.1,http://www.family.co.jp/content/dam/family/goods/0811286.jpg,中華めん,15
手巻　豚ロース生姜焼,Familymart,38.1,http://www.family.co.jp/content/dam/family/goods/0410120.jpg,おむすび,5.3
さぬきうどん,Familymart,38.1,http://www.family.co.jp/content/dam/family/goods/0271233.jpg,おでん,3.8
ポテトチップス２種のうすしお味,Familymart,38.1,http://www.family.co.jp/content/dam/family/goods/4824213.jpg,お菓子,3.4
かりかりピーナッツのブロックチョコ,Familymart,38.3,http://www.family.co.jp/content/dam/family/goods/4821151.jpg,お菓子,9.8
アメリカンドッグ,Familymart,38.6,http://www.family.co.jp/content/dam/family/goods/0254151.jpg,ホットスナック・揚げ物,7.5
なげわ　うま塩味,Familymart,38.6,http://www.family.co.jp/content/dam/family/goods/4824039.jpg,お菓子,2
カフェフラッペ,Familymart,38.7,http://www.family.co.jp/content/dam/family/goods/0211222.jpg,コーヒー・フラッペ,2.9
ファミマプレミアム肉まん,Familymart,39,http://www.family.co.jp/content/dam/family/goods/0246149.jpg,中華まん,10
サクッとかるいコーンチョコ,Familymart,39.2,http://www.family.co.jp/content/dam/family/goods/4820802.jpg,お菓子,4.6
厚切りチョコケーキ,Familymart,39.2,http://www.family.co.jp/content/dam/family/goods/1320251.jpg,焼き菓子,6.7
しっとりチョコチップスコーン,Familymart,39.3,http://www.family.co.jp/content/dam/family/goods/1322491.jpg,焼き菓子,4.6
トンポーローまん,Familymart,39.4,http://www.family.co.jp/content/dam/family/goods/0246354.jpg,中華まん,10.9
魚沼産コシヒカリ　豚角煮,Familymart,39.5,http://www.family.co.jp/content/dam/family/goods/0416603.jpg,おむすび,5.7
魚沼産コシヒカリ　昆布〆辛子明太子,Familymart,39.6,http://www.family.co.jp/content/dam/family/goods/0416504.jpg,おむすび,4.3
ミニ羊羹　煉,Familymart,39.7,http://www.family.co.jp/content/dam/family/goods/1314601.jpg,和菓子,1.9
フルーツ香るマカロン（ストロベリー＆レモン）,Familymart,40,http://www.family.co.jp/content/dam/family/goods/1340075.jpg,焼き菓子,3
だしをきかせたいなり寿司,Familymart,40.1,http://www.family.co.jp/content/dam/family/goods/0516082.jpg,寿司,6.4
じゃがスティックやさしいコンソメ味,Familymart,40.4,http://www.family.co.jp/content/dam/family/goods/4824091.jpg,お菓子,2.9
サッポロポテト濃いバーベＱあじ,Familymart,41,http://www.family.co.jp/content/dam/family/goods/4824220.jpg,お菓子,4.5
こつぶ餅ピーナッツ,Familymart,41.3,http://www.family.co.jp/content/dam/family/goods/4823124.jpg,お菓子,14.7
チョコをつつんだふんわりマシュマロ,Familymart,41.6,http://www.family.co.jp/content/dam/family/goods/4820888.jpg,お菓子,3.3
ベビースターラーメン極太麺,Familymart,41.6,http://www.family.co.jp/content/dam/family/goods/4824077.jpg,お菓子,4.8
チキンカツサンド,Familymart,42.1,http://www.family.co.jp/content/dam/family/goods/0911368.jpg,サンドイッチ,15.3
ベーコンときのこのトマト生パスタサラダ,Familymart,42.1,http://www.family.co.jp/content/dam/family/goods/1220414.jpg,サラダ,8.4
ふっくらかるーい麦チョコ,Familymart,42.5,http://www.family.co.jp/content/dam/family/goods/4820833.jpg,お菓子,5.5
みりんいかせんべい,Familymart,42.6,http://www.family.co.jp/content/dam/family/goods/4823186.jpg,お菓子,1.3
ほろにがビターチョコリング,Familymart,42.8,http://www.family.co.jp/content/dam/family/goods/4820819.jpg,お菓子,5.5
ディップマカロン（ストロベリーソース）,Familymart,43,http://www.family.co.jp/content/dam/family/goods/1340020.jpg,焼き菓子,2
炙り焼　ソーセージおむすび,Familymart,43.2,http://www.family.co.jp/content/dam/family/goods/0411608.jpg,おむすび,6
ファミポテ（ヨーロッパ産）,Familymart,43.5,http://www.family.co.jp/content/dam/family/goods/0250283.jpg,ホットスナック・揚げ物,4.3
トルティーヤ　ミックス,Familymart,44.3,http://www.family.co.jp/content/dam/family/goods/0921213.jpg,ロールパン,15.6
チョコマシュマロ,Familymart,45.3,http://www.family.co.jp/content/dam/family/goods/4825029.jpg,お菓子,3.8
キャラメルコーン,Familymart,46,http://www.family.co.jp/content/dam/family/goods/4824022.jpg,お菓子,3.8
ベビースターラーメン丸チキン味,Familymart,46,http://www.family.co.jp/content/dam/family/goods/4824060.jpg,お菓子,5.5
米粉麺使用！レンジ野菜タンメン,Familymart,46.3,http://www.family.co.jp/content/dam/family/goods/0813006.jpg,中華めん,14.6
じゃがスティックあっさりうましお味,Familymart,46.6,http://www.family.co.jp/content/dam/family/goods/4824008.jpg,お菓子,3.5
サンドおむすび　ポークツナチーズ,Familymart,46.8,http://www.family.co.jp/content/dam/family/goods/0411950.jpg,おむすび,7.3
ごまむすび（生姜こんぶ）,Familymart,47.1,http://www.family.co.jp/content/dam/family/goods/0411578.jpg,おむすび,4.3
チーズクリームスープパスタ,Familymart,47.4,http://www.family.co.jp/content/dam/family/goods/0821322.jpg,パスタ,20.1
赤飯おむすび,Familymart,47.5,http://www.family.co.jp/content/dam/family/goods/0414005.jpg,おむすび,5.2
いなり寿司３ヶ入,Familymart,47.6,http://www.family.co.jp/content/dam/family/goods/0516006.jpg,寿司,9
かっぱえびせんしお味,Familymart,47.6,http://www.family.co.jp/content/dam/family/goods/4824053.jpg,お菓子,4.6
ファミマプレミアムサンド　あまおういちごサンド,Familymart,47.7,http://www.family.co.jp/content/dam/family/goods/0911528.jpg,サンドイッチ,8.1
どら焼,Familymart,48,http://www.family.co.jp/content/dam/family/goods/1310429.jpg,和菓子,3.8
北海道産小豆のこしあんまん,Familymart,48.1,http://www.family.co.jp/content/dam/family/goods/0246118.jpg,中華まん,6.5
北海道産小豆のつぶあんまん,Familymart,48.4,http://www.family.co.jp/content/dam/family/goods/0246125.jpg,中華まん,6.5
ファミマプレミアムサンド　ロースカツサンド,Familymart,48.7,http://www.family.co.jp/content/dam/family/goods/0910972.jpg,サンドイッチ,19.2
３種チーズと完熟トマトのパスタ,Familymart,49,http://www.family.co.jp/content/dam/family/goods/0822862.jpg,パスタ,14.5
野菜ましまし！蒸し鶏のパスタサラダ,Familymart,49.1,http://www.family.co.jp/content/dam/family/goods/1220278.jpg,サラダ,16.9
サンドおむすび　海老カツ,Familymart,49.6,http://www.family.co.jp/content/dam/family/goods/0411967.jpg,おむすび,6.9
ばかうけ沖縄の塩「シママース」,Familymart,49.8,http://www.family.co.jp/content/dam/family/goods/4823315.jpg,お菓子,3.3
サクサクおいしいうま塩あられ,Familymart,50,http://www.family.co.jp/content/dam/family/goods/4823087.jpg,お菓子,3.1
ジューシーパイナップル,Familymart,50.2,http://www.family.co.jp/content/dam/family/goods/4724193.jpg,お菓子,0
ダイジェスティブミニチョコビスケット,Familymart,50.3,http://www.family.co.jp/content/dam/family/goods/4821106.jpg,お菓子,5.8
ひねり揚げえびだし味,Familymart,51,http://www.family.co.jp/content/dam/family/goods/4823209.jpg,お菓子,3.9
具だくさんミニ冷し中華,Familymart,52.1,http://www.family.co.jp/content/dam/family/goods/0810517.jpg,中華めん,11.8
ピーナッツ揚げ,Familymart,52.2,http://www.family.co.jp/content/dam/family/goods/4823162.jpg,お菓子,3.8
波型カットの厚切りポテトチップス　うすしお味,Familymart,54.5,http://www.family.co.jp/content/dam/family/goods/4824145.jpg,お菓子,4.6
波型カットの厚切りポテトチップスコンソメ味,Familymart,54.8,http://www.family.co.jp/content/dam/family/goods/4824183.jpg,お菓子,5.2
ひとくち歌舞伎揚こだわり醤油仕込み,Familymart,54.9,http://www.family.co.jp/content/dam/family/goods/4823193.jpg,お菓子,4.2
えびせんミックス,Familymart,55,http://www.family.co.jp/content/dam/family/goods/4823056.jpg,お菓子,1.7
４種のチョコレートアソート,Familymart,55.2,http://www.family.co.jp/content/dam/family/goods/4821113.jpg,お菓子,6.5
おいしい柿ピー,Familymart,55.2,http://www.family.co.jp/content/dam/family/goods/5023080.jpg,お菓子,11.5
ひとくちドーナッツ,Familymart,55.3,http://www.family.co.jp/content/dam/family/goods/4825043.jpg,お菓子,5.3
鶏肉の寄せ鍋,Familymart,55.5,http://www.family.co.jp/content/dam/family/goods/1020335.jpg,惣菜,22.9
まろやかミニバタークッキー,Familymart,55.5,http://www.family.co.jp/content/dam/family/goods/4821991.jpg,お菓子,5.3
波型カットの厚切りポテトチップスのりしお味,Familymart,55.7,http://www.family.co.jp/content/dam/family/goods/4824206.jpg,お菓子,4.7
塩豆大福,Familymart,56.6,http://www.family.co.jp/content/dam/family/goods/1311624.jpg,和菓子,3.5
プレミアムどら焼,Familymart,56.9,http://www.family.co.jp/content/dam/family/goods/1312508.jpg,和菓子,5.8
サラダ巻,Familymart,57.7,http://www.family.co.jp/content/dam/family/goods/0750578.jpg,寿司,9.3
ファミポテL(ヨーロッパ産),Familymart,57.8,http://www.family.co.jp/content/dam/family/goods/0250306.jpg,ホットスナック・揚げ物,5.6
ミニチョコチップクッキー,Familymart,60,http://www.family.co.jp/content/dam/family/goods/4822004.jpg,お菓子,5.9
メキシカンチップススパイシータコス味,Familymart,60.2,http://www.family.co.jp/content/dam/family/goods/4824107.jpg,お菓子,6.6
バニラクリームサンドクラッカー,Familymart,60.2,http://www.family.co.jp/content/dam/family/goods/4822059.jpg,お菓子,5
二度焼きしょうゆせんべい,Familymart,60.6,http://www.family.co.jp/content/dam/family/goods/4823100.jpg,お菓子,5.6
レンジけんちんうどん,Familymart,61.2,http://www.family.co.jp/content/dam/family/goods/0811262.jpg,うどん,19.1
粒あんドーナツ,Familymart,62.7,http://www.family.co.jp/content/dam/family/goods/4825050.jpg,お菓子,6
野菜たっぷりちゃんぽん風皿うどん,Familymart,64,http://www.family.co.jp/content/dam/family/goods/0823852.jpg,うどん,18.2
素材の甘み　いもけんぴ,Familymart,65.7,http://www.family.co.jp/content/dam/family/goods/4825012.jpg,お菓子,1.4
海老のビスク風スープパスタ,Familymart,66,http://www.family.co.jp/content/dam/family/goods/0822879.jpg,パスタ,30.3
釜揚げ桜海老の五目ちらし寿司,Familymart,66.8,http://www.family.co.jp/content/dam/family/goods/0514316.jpg,寿司,9.4
海南鶏飯風プレート,Familymart,67.1,http://www.family.co.jp/content/dam/family/goods/0616911.jpg,お弁当,21.4
梅しらすごはん弁当（鶏の梅肉のせ）,Familymart,69.2,http://www.family.co.jp/content/dam/family/goods/0614436.jpg,お弁当,13.3
牡蠣とほうれん草のクリームパスタ,Familymart,70,http://www.family.co.jp/content/dam/family/goods/0821315.jpg,パスタ,22.4
赤飯と鶏だんご野菜あんかけ弁当,Familymart,70.9,http://www.family.co.jp/content/dam/family/goods/0614443.jpg,お弁当,14.9
大粒柿の種,Familymart,70.9,http://www.family.co.jp/content/dam/family/goods/4823094.jpg,お菓子,4.6
ひとくちこしあん大福,Familymart,71,http://www.family.co.jp/content/dam/family/goods/1310856.jpg,和菓子,2.7
鮭ごまごはんと牛ごぼう弁当,Familymart,73.4,http://www.family.co.jp/content/dam/family/goods/0614412.jpg,お弁当,13.4
カニカママヨ巻と唐揚明太マヨ巻,Familymart,74,http://www.family.co.jp/content/dam/family/goods/0514323.jpg,寿司,10.1
いなり＆おむすびセット,Familymart,74.7,http://www.family.co.jp/content/dam/family/goods/0514286.jpg,寿司,19.9
えび大判焼き,Familymart,77.1,http://www.family.co.jp/content/dam/family/goods/4823063.jpg,お菓子,1.2
レンジ和風だしのカレーうどん,Familymart,77.9,http://www.family.co.jp/content/dam/family/goods/0811088.jpg,うどん,17.9
冷しぶっかけうどん,Familymart,80,http://www.family.co.jp/content/dam/family/goods/0810609.jpg,うどん,13.4
甜麺醤が決め手！回鍋肉丼,Familymart,80.2,http://www.family.co.jp/content/dam/family/goods/0730075.jpg,お弁当,12.5
牛すき焼き鍋,Familymart,84.1,http://www.family.co.jp/content/dam/family/goods/1020533.jpg,惣菜,27.4
冷し中華,Familymart,85.7,http://www.family.co.jp/content/dam/family/goods/0810586.jpg,中華めん,22
炙り焼　ねぎ塩豚カルビ重（淡路島の藻塩ダレ）,Familymart,86.8,http://www.family.co.jp/content/dam/family/goods/0614269.jpg,お弁当,18.2
炙り焼　照焼チキンステーキ弁当,Familymart,87.6,http://www.family.co.jp/content/dam/family/goods/0616102.jpg,お弁当,39.3
海老天重（海老天５本入）,Familymart,91.5,http://www.family.co.jp/content/dam/family/goods/0614276.jpg,お弁当,12.6
ミルクとココアのミニクッキー,Familymart,92,http://www.family.co.jp/content/dam/family/goods/4822042.jpg,お菓子,7.9
黒糖かりんとう,Familymart,92,http://www.family.co.jp/content/dam/family/goods/4825036.jpg,お菓子,6.2
助六寿司,Familymart,95.1,http://www.family.co.jp/content/dam/family/goods/0515122.jpg,寿司,17
デミソースが決め手！ハンバーグ丼,Familymart,96.8,http://www.family.co.jp/content/dam/family/goods/0730907.jpg,お弁当,19.4
オニオンソースの和風ハンバーグ弁当,Familymart,101.3,http://www.family.co.jp/content/dam/family/goods/0616119.jpg,お弁当,20.8
若鶏のジューシー唐揚弁当,Familymart,104.3,http://www.family.co.jp/content/dam/family/goods/0616133.jpg,お弁当,26.9
シウマイ弁当,Familymart,106.9,http://www.family.co.jp/content/dam/family/goods/0616140.jpg,お弁当,21.2
大盛ごはん　中華プレート,Familymart,127,http://www.family.co.jp/content/dam/family/goods/0616928.jpg,お弁当,29.7
